screen_name,type,category,created_at,followers_count,location,loc_cod,loc_type,description
elvicunense,np,Generalista,2013-04-09 00:43:29+00:00,923,Vicuna - Chile,4106,local,"Diario Electronico de la Comuna de Vicuna, perteneciente a la Red de Diarios Comunales http://t.co/ohoiO5TodX"
elovallino,np,Generalista,2010-01-07 16:18:18+00:00,8503,Ovalle • IV Region • Chile,4301,local,Somos el diario mas representativo de la zona. Estamos comprometidos con el desarrollo de nuestra gente y ciudad. Sentimos Pasion por el Limari...
elboyaldia,np,Generalista,2010-03-22 16:30:47+00:00,9785,Iquique,1101,local,El primer diario digital de #Iquique y #Tarapaca. Parte de la red de diarios ciudadanos de @RedMiVoz #LaRegionEsTuya
cooperativa,rad,Generalista,2007-07-23 22:31:14+00:00,2132848,"Santiago, Chile",13119,nacional,Actualidad Online. Siguenos tambien en https://t.co/OH2JZ3kKye
canal_13c,tv,Cultura,2012-05-07 16:20:39+00:00,47226,,13123,nacional,"Somos un canal cultural chileno, que mira al mundo desde lo local. Somos Cultura Con Otros Ojos. ¡Comenta con #13C! Twitter oficial de 13C."
33temuco,tv,Generalista,2014-12-31 01:56:48+00:00,128,Manuel Montt 248. Temuco,9101,local,
diariodeaysen,np,Generalista,2013-04-04 15:58:55+00:00,2756,"Aysen, Chile",11201,local,
austral_osorno,np,Generalista,2009-09-25 17:47:44+00:00,18722,Chile,10301,local,"El Austral, el Diario de Osorno."
radioportalesv,rad,Musica y Noticias,2010-02-05 21:13:26+00:00,20790,"Condell 1190, Valparaiso.",5101,local,Desde 1960 acompanando a las familias de la V region. Radioemisora AUTÉNTICAMENTE PORTEÑA /89.5 fm/ 840 am #LaPrimeraDeChile
t13,tv,Generalista,2009-03-17 20:54:09+00:00,2387966,"Santiago, Chile",13123,nacional,Cuenta oficial de las plataformas informativas del Departamento de Prensa de Canal 13.
diarioelcomunal,np,Generalista,2010-10-05 02:27:33+00:00,354,"La Higuera, Chile",4104,local,"Diario Electronico Comuna de La Higuera, perteneciente a Red de Diarios Comunales http://t.co/6p8o8X64Mu"
sabrosia,mag,Gastronomia,2012-03-29 19:19:04+00:00,8048,,13123,nacional,Cualquiera puede cocinar.
bolido_com,mag,Automotriz,2010-10-15 17:08:35+00:00,4179,,13123,nacional,Corazon de piston.
hoyxhoycl,np,Generalista,2012-09-24 19:42:53+00:00,78196,Santiago de Chile,13123,local,El diario que no tiene precio.
40chileoficial,rad,Musica,2010-08-02 16:28:45+00:00,203977,Eliodoro Yanez #1783,13123,nacional,La radio de los exitos.
el_bulnensino,np,Generalista,2011-07-10 21:49:00+00:00,881,Bulnes ,8402,local,"Diario Electronico de Bulnes, Provincia de Ñuble, Chile"
radiobravissima,rad,Musica y Noticias,2010-05-28 02:05:45+00:00,2589,Iquique - Tarapaca - Chile,1101,local,"BRAVISSIMA 88.7 FM. Una Radio Opinion en la Primera Region. Una Radio noticiosa, pluralista y objetiva"
radiovalparaiso,rad,Musica y Noticias,2009-04-16 03:12:57+00:00,42865,"ÜT: -33.048359,-71.602741",5101,local,"Radio Valparaiso escucha tu region 102.5 FM, 121AM y ahora en Tongoy en el 90.9FM. Musica, noticias, opinion y deportes."
el_timeline,np,Generalista,2013-04-28 02:53:26+00:00,3272,Antofagasta,2101,local,Comunidad Informativa de #Antofagasta donde encontraras las noticias que te interesan. Te invitamos a informarte con nosotros ¿Te animas?
tvcontivision,tv,Generalista,2012-10-17 22:05:46+00:00,2613,Constitucion / Chile,7102,local,Television Contivision Ltda. Septima Region Del Maule
cosmochile,mag,Mujeres,2011-09-21 19:03:36+00:00,17303,"Santiago, Chile",13114,nacional,"Somos la revista femenina mas sensual, alegre, segura y sexy de Chile. En el mundo nos leen 75 millones de personas. ¿Te unes? cosmo@televisa.cl"
chilebcl,np,Politica,2012-06-20 15:53:12+00:00,9045,"Santiago, Chile",13123,nacional,Atrevete a ver la realidad desde otra perspectiva.
uchileradio,rad,Generalista,2009-09-28 16:41:20+00:00,69369,102.5 FM en Santiago,13123,local,Radio Universidad de Chile La Radio que piensa.
radiosignos,rad,Musica y Noticias,2014-03-29 19:59:38+00:00,1146,"Punta Arenas, Patagonia",12101,local,"Pluralista, transversal y periodistica.  La web magallanica mas potente.  En Punta Arenas y Porvenir en el 96.9 FM"
platosycopas,mag,Gastronomia,2009-05-11 02:09:14+00:00,9243,Chile,13123,nacional,"Revista de gastronomia con recetas, tendencias, novedades gourmet, notas de cata, tragos y mucho, mucho mas."
mt_motores,mag,Automotriz,2014-11-11 15:31:11+00:00,636,Chile,13120,nacional,Sitio del diario La Tercera que aborda los temas de la industria automotriz de Chile y el mundo
primordialfm,mag,Musica y Noticias,2009-04-14 13:22:52+00:00,965,Rancagua Chile,6101,local,
ucv_tv,tv,Generalista,2010-04-26 14:44:05+00:00,24182,Chile,13132,nacional,En familia y en todo Chile.
vallenardigital,np,Generalista,2012-06-19 02:05:18+00:00,861,"Vallenar, Chile",3301,local,
radionuble,rad,Musica y Noticias,2009-12-13 14:17:40+00:00,24009,"Chillan, Chile",8401,local,Marca Representativa de Ñuble  80 anos al servicio de las comunicaciones.
radiozero977,rad,Musica y Noticias,2009-05-19 17:41:01+00:00,68856,Santiago de Chile,13120,local,97.7 FM en Santiago de Chile | La primera radio carbono neutral de America Latina. Android: http://t.co/l4qNWXlNFq / iPhone: http://t.co/l4qNWXlNFq
elrepuertero,np,Generalista,2008-02-22 18:24:39+00:00,11368,"Llanquihue, Chiloe y Palena",10107,local,"Somos el Diario Ciudadano de la Region de #LosLagos, parte de @RedMiVoz, la red de medios digitales con mayor cobertura en #Chile. #LaRegionEsTuya"
soysanantonio,np,Generalista,2011-01-17 22:02:33+00:00,8784,"San Antonio, Chile",5601,local,Noticias locales de la Region de Valparaiso (V Region). Editado por El Lider de San Antonio.
tusnoticias_cl,np,Generalista,2012-02-29 19:14:10+00:00,859,Chile,6101,local,"Portal de Noticias, contingencia desde la Region del Libertador de O´Higgins, Rancagua, Santiago y el Mundo"
radioeme,rad,Generalista,2009-05-09 20:14:41+00:00,1371,"Comuna de Maipu,Santiago,Chile",13119,local,"El diario electronico de  la comuna historica,dirigido y editado por el Profesor y Magister en  Historia (Universidad de Chile),Camilo Montalban Araneda"
antofagastatv,tv,Generalista,2009-11-30 17:11:10+00:00,22002,"Antofagasta, Chile",2101,local,El Canal de Antofagasta
fmpluschile,rad,Musica y Noticias,2014-05-24 21:37:54+00:00,653,Antofagasta,2101,local,Sin clasicos imposible! 106.9 Antofagasta 93.5 Calama 95.5 Mejillones.
radiosolchile,rad,Musica y Noticias,2010-01-27 12:54:25+00:00,2785,Antofagasta,2101,local,Radioemisora Antofagastina fundada en 1966
candela_fm,rad,Musica y Entretencion,2011-12-26 15:17:43+00:00,21189,"Santiago, Chile",13123,nacional,"Twitter Oficial de Radio Candela FM, 95.3 en Santiago. Streaming online para todo Chile en http://t.co/G6B66k1zKr ."
cappissima,rad,Generalista,2009-08-07 14:36:23+00:00,1175,"Arica, Chile",15101,local,"Cappissima Multimedial, en los hogares ariquenos desde 1980.El Director Ejecutivo es Jose Toribio Vergara, periodista y academico universitario."
alfaomegacurico,rad,Musica y Entretencion,2012-12-18 20:33:19+00:00,323,Avenida Alessandri 1185 Curico,7301,local,"Radio Alfaomega de Curico. 106.5 FM, nace el 17 de Septiembre de 1992"
rsbchile,rad,Generalista,2015-01-12 22:52:33+00:00,2173,"La Serena, Chile ",4101,local,"Radio de la Region de Coquimbo. Primeros en informacion, primeros en el corazon de los chilenos. Informate en el 96.7 y comenta con #AlertaRSB."
krishnafmantofa,rad,Generalista,2010-03-02 23:06:02+00:00,253,Antofagasta,2101,local,
el_serenense,np,Generalista,2013-09-08 01:21:52+00:00,6532,"La Serena, Chile",4101,local,"Diario Electronico Comuna de La Serena, perteneciente a Red de Diarios Comunales http://t.co/BHhDxE1e1X"
radiomaxima_fm,rad,Musica y Noticias,2010-03-20 23:56:02+00:00,4643,Antofagasta,2101,local,"Estudios centrales en la region de Antofagasta, Chle. Transmite a traves del 99.1 del dial y online en http://t.co/Li4XyApSrg"
eldia_cl,np,Generalista,2008-12-11 13:27:28+00:00,59350,"La Serena, Chile",4101,local,"Informacion de la region de Coquimbo. Siguenos para noticias de ultimo minuto, links de notas en http://t.co/rAWigoWyop y RTs de nuestros periodistas"
elperiodicocl,np,Generalista,2009-10-20 17:34:52+00:00,13797,"Temuco, Chile",9101,local,Diario electronico de Temuco y La Araucania.
revistatu_chile,mag,Mujeres,2013-06-04 19:37:27+00:00,12782,"Santiago, Chile",13114,nacional,"¡Si hablas de ti, hablas de Tu! Todas las novedades de tu revista favorita, estrellas, conciertos, eventos y mucho mas."
radiolasnieves,rad,Generalista,2009-12-28 16:19:12+00:00,3848,"Puerto Aysen, Chile",11201,local,102.9 FM - 20 Anos Pensando en ti
tvbiobio,tv,Generalista,2013-09-10 15:53:42+00:00,9668,Chile,8101,local,"Actualidad, Analisis e Independencia. ¡Siguenos! Tambien estamos en http://t.co/HuqzrTxcAz"
soytome,np,Generalista,2012-01-24 18:41:44+00:00,2772,"Tome, Chile",8111,local,Noticias locales de la Region del Biobio (VIII Region). Editado por El Sur y La Estrella de Concepcion.
diarioafta,np,Generalista,2011-02-10 01:59:23+00:00,15216,"Antofagasta, Chile",2101,local,"El Diario de Antofagasta - Noticias de Verdad. Informaciones, entrevistas, fotos y videos con una optica independiente, progresista y contemporanea."
gamba_cl,np,Politica,2010-07-19 00:03:03+00:00,31029,,13123,nacional,"Humor, Politica y Cultura. Solo las noticias que en verdad importan. Informacion al servicio del Pueblo."
revista_somos,mag,Crecimiento Personal,2011-12-05 22:55:11+00:00,5329,,13123,nacional,"El mundo cambia, la gente cambia... ¿Y tu...?
 Somos, la revista que te acompana en tu transformacion personal"
elrancaguino,np,Generalista,2009-07-21 15:28:49+00:00,23859,Chile,6101,local,Cien anos al servicio de la Region de O'Higgins.
emol,np,Generalista,2010-05-20 15:27:04+00:00,1336520,"Santiago, Chile",13123,nacional,El sitio de noticias de Chile y el mundo.
tvangol,tv,Generalista,2010-04-21 15:10:10+00:00,1496,Angol ,9201,local,"Somos un Canal de Television abierta de Angol, desde Angol y para l@s angolin@s. Estamos en el canal 4 de TV Abierta... Somos Tele Angol Television para ti."
eldefinido,np,Generalista,2012-11-28 21:10:27+00:00,17808,Chile,13123,nacional,Actualidad propositiva y constructiva. Siguenos y unete a la comunidad que esta cambiando las noticias.
patagondomingo,np,Generalista,2010-03-25 16:35:52+00:00,3103,Coyhaique - Region de Aysen,11101,local,Noticias Online desde la Patagonia Aysen. Escribe @patagondomingo y dinos que esta pasando...
nuevamujer,mag,Mujeres,2010-10-25 15:39:56+00:00,13290,,13101,nacional,"Nueva Mujer Tips, entrevistas, perfiles, datos y mucho mas. Siguenos en https://t.co/BQDBPm7VUU"
dlibertador,np,Generalista,2012-07-10 21:09:46+00:00,4030,"Region de O'Higgins, Chile",6101,local,"Diario digital independiente y objetivo, para que la gente este debidamente informada y tome sus propias decisiones en torno a los temas de actualidad"
soycalama,np,Generalista,2011-01-17 21:48:00+00:00,6911,"Calama, Chile",2201,local,Noticias locales de la Region de Antofagasta (II Region). Editado por El Mercurio Calama y La Estrella del Loa.
redarica,np,Generalista,2012-04-14 15:02:52+00:00,1996,Arica,15101,local,"Diario online de noticias regionales, nacionales y actualidad.Cadena http://t.co/yGIAFkpNaZ Tambien en Facebook: http://t.co/jE80TZn0Gi"
edicionpuntocl,np,Politica,2010-09-05 14:02:39+00:00,959,Chile,13101,local,Investigacion periodistica. Produccion audiovisual en Duende Verde. Documentos: https://t.co/vT7BfDVEwi Contacto: director@edicion.cl
ultimahoracl,np,Deporte,2009-12-17 16:56:33+00:00,421,,6101,local,
elhurtadino,np,Generalista,2013-04-11 22:35:30+00:00,418,Rio Hurtado - Chile,4305,local,"Diario Electronico Comuna de Rio Hurtado, perteneciente a Red de Diarios Comunales http://t.co/nkpqifNK2I"
diariosenred,np,Generalista,2013-07-03 21:21:38+00:00,1986,Chile,7101,nacional,"Somos una red online de noticias regionales, nacionales, actualidad y entretencion - https://t.co/U3e9pImg89"
aricaldia,np,Generalista,2009-09-17 06:08:15+00:00,372,,15101,local,
radiocarnavalfm,rad,Musica y Entretencion,2013-02-24 16:13:57+00:00,1437,Chile,4101,nacional,Oficial cuenta | Cadena nacional de Radio Tropical-Latina con emisoras a lo largo de Chile. Desde Antofagasta a Punta Arenas. #LaQueMasSeEscucha.
radio_festival,rad,Musica y Noticias,2010-03-03 23:16:45+00:00,34020,"Vina, Chile",5109,local,Twitter Oficial. La Radio en Colores de Chile nacio en Vina del Mar el 1 de octubre de 1976 en el CB 127 del dial AM.
red_coquimbo,np,Generalista,2012-04-26 19:43:34+00:00,10485,"Region de Coquimbo, Chile",4102,local,"Diario online de noticias regionales, nacionales, actualidad y entretencion. Cadena.  http://t.co/aP2e3EaxTJ FansPage: http://t.co/R4lbxRkjPB"
ellanquihue,np,Generalista,2009-09-25 20:56:27+00:00,25252,Chile,10107,local,"Diario de la ciudad de Puerto Montt, Region de Los Lagos. Fundado el 12 de febrero de 1885"
revistamensaje,mag,Religion,2009-05-28 16:39:18+00:00,4712,Chile,13101,nacional,"Publicacion Mensual de la Compania de Jesus en Chile. Última gran obra del Padre Hurtado; mas de seis decadas de reflexion, orientacion y opinion."
elperiodista,np,Generalista,2009-02-01 22:43:22+00:00,37420,"Santiago, Chile",13120,local,"Revista chilena, de actualidad, aparece una vez al mes. Fue fundada en noviembre de 2001 y su director es Francisco Martorell. Valor: $2.000. Fono 232071411"
tribunac,np,Deporte y Noticias,2012-01-02 19:34:56+00:00,1097,"San Fernando, Chile",6301,local,"Diario electronico de la Provincia de Colchagua, Region de O'Higgins.  En la web desde el 26 de agosto de 2012. http://t.co/Sk5kgvEMHq"
eldesconcierto,np,Generalista,2012-06-20 20:40:33+00:00,25728,,13123,nacional,Prensa digital libre - La verdad es un error colectivo
redantofagasta,np,Generalista,2012-04-17 14:52:15+00:00,9551,,2101,local,"Diario online de noticias regionales, nacionales, actualidad y entretencion. Cadena http://t.co/XftHKPCJQj -  Tambien en: https://t.co/e27GaM5DMV"
maulee,np,Generalista,2008-02-12 18:05:56+00:00,28044,"Talca, Region del Maule",7101,local,Las mejores noticias de la region del Maule. Escribenos a noticia@maulee.cl
mass_noticias,np,Generalista,2013-06-12 15:42:29+00:00,156,Iquique,1101,local,Agencia de Noticias Economicas de la Region de Tarapaca - Chile
zonapublimetro,np,Inmobiliaria,2013-01-03 13:16:45+00:00,3866,Santiago,13101,nacional,En Zona Inmobiliaria -de la Red Publimetro- encuentras la oferta inmobiliaria de proyectos nuevos del mercado nacional.
ferias_libres,mag,Comercio,2010-05-04 20:57:42+00:00,1234,"Santiago, Chile",13101,nacional,"Somos el gremio nacional, que representa a las ferias libres de Chile, con cerca de 75.000 comerciantes desde Arica a Aysen."
en_pantalla_cl,mag,Cine,2015-09-07 01:46:31+00:00,649,Metropolitana de Santiago,13101,nacional,"Somos un portal de cine, donde podras encontrar todo lo que acontece en el septimo arte. Siguenos nosotros te seguiremos..."
laredtv,tv,Generalista,2009-11-20 19:08:30+00:00,407206,Santiago de Chile,13118,nacional,Canal de television La Red
buenasaludchile,mag,Salud y Belleza,2011-05-10 20:25:00+00:00,1319,,13123,nacional,"Revista de Salud, Belleza y Bienestar con 22 anos en Chile y Latinoamerica, “LEA BUENA SALUD. PORQUE LEERLA HACE BIEN”. http://t.co/inZ5JOMqE1"
soyantofagasta,np,Generalista,2011-01-17 22:54:16+00:00,17597,"Antofagasta, Chile",2101,local,Noticias locales de la Region de Antofagasta (II Region). Editado por El Mercurio y La Estrella de Antofagasta.
tvu_television,tv,Generalista,2012-10-23 12:36:52+00:00,13414,Chile,8101,local,"Canal de TV de la Universidad de Concepcion.
 Único con informaciones 100 % regionales."
radiocontigofm,rad,Musica y Noticias,2013-04-18 02:23:21+00:00,1461,,8416,local,"Radio Fm, 98.5 con 1000 watts de potencia desde la comuna de San Carlos, VIII Region,  Musica, Noticias, Deportes,  Cultura y Entretencion"
laestrellavalpo,np,Generalista,2009-09-23 22:48:18+00:00,31773,Chile,5101,local,Diario de la Quinta Region de Chile
misanfelipe,np,Generalista,2010-03-30 15:05:25+00:00,8303,San Felipe,5701,local,Contactanos / prensa@misanfelipe.cl
lacuarta,np,Generalista,2007-04-02 15:31:51+00:00,679132,Chile,13120,nacional,Noticias de Chilito y el mundo.
haciendoriqueza,rad,Emprendimiento,2010-08-24 00:05:31+00:00,477,Arica y Parinacota - Chile..,15101,local,"#Noticias Arica + #EMPRENDIMIENTO y #Turismo Arica y Parinacota. Lunes a viernes.en #Arica Radio 106.3, de 09:00 a 11:00 Hrs. Conduce Sonia Saavedra."
redaraucania,np,Generalista,2012-04-26 20:19:59+00:00,10490,,9101,local,"Diario online de noticias regionales, nacionales, actualidad y entretencion. Cadena http://t.co/XftHKPCJQj  - Tambien en: https://t.co/ojtTL1DBKp"
prensaantartica,np,Generalista,2011-03-02 06:48:01+00:00,12693,Magallanes y Antartica Chilena,12101,local,Informacion y noticias de la Provincia Antartica Chilena
radiopaulafm,rad,Musica y Noticias,2009-07-21 14:46:58+00:00,27943,"Santiago, Chile",13123,local,"Musica para disfrutar, noticias que compartir, datos para guardar y una via para conocer tu opinion."
laestrellaiqq,np,Generalista,2009-08-05 20:25:10+00:00,22576,Iquique,1101,local,
serenaycoquimbo,np,Generalista,2012-11-10 03:36:24+00:00,9865,Region de Coquimbo- Chile,4101,local,Somos los ojos del cielo mas limpio del Mundo. https://t.co/2EpUucCjgU
puentealto_pald,np,Generalista,2014-12-21 16:44:24+00:00,1457,"Puente Alto, Metropolitana de Santiago",13201,local,Fundado el 14 de Septiembre de 1962-53 anos informando a la Provincia Cordillera
laregiondiario,np,Generalista,2012-08-11 22:48:51+00:00,10548,,4102,local,"Diario La Region, noticias e informaciones de la Region de Coquimbo."
lanalhue,np,Generalista,2009-06-28 06:51:13+00:00,2912,"Canete, Biobio, Chile",8203,local,"Diario Ciudadano de la comuna de Canete, provincia de Arauco, Region del Biobio - Chile
 Creado el 14 de enero de 2001"
chilemosaico,mag,Cultura,2011-12-19 14:08:08+00:00,514,Arica Parinacota y Tarapaca,15101,local,Proyecto independiente para difundir eventos y panoramas de la Zona Norte de Chile.
liz_try,mag,Generalista,2012-02-23 19:35:44+00:00,225,CHILE,14101,nacional,"REVISTA LIZ TRY nace con la idea atrevida y transgresora de hacer una revista diferente, para un lector,  que le guste pensar, opinar y expresarse libremente."
el_amaule,np,Generalista,2010-03-11 20:05:09+00:00,9767,Talca - Maule - Chile,7101,local,"Somos el Diario Ciudadano del #Maule, parte de @RedMiVoz, la red de medios digitales con mayor cobertura en #Chile. http://t.co/72IIYS2l"
revistaqp,mag,Generalista,2010-07-29 20:24:37+00:00,246423,"Santiago, Chile",13123,nacional,"La revista semanal lider en Chile. Actualidad, Politica, Negocios y Cultura. https://t.co/Grlmzyte1r"
estrellaconce,np,Generalista,2009-04-15 00:49:02+00:00,16452,"Concepcion, Chile",8101,local,
futurafmoficial,rad,Musica y Noticias,2012-06-08 21:14:57+00:00,4963,"1 Oriente #785, Talca - Chile",7101,local,"La N° 1 Juvenil del Maule, Radio Futura - En Todas Contigo."
radiofmtiempo,rad,Musica,2010-09-03 15:18:41+00:00,21124,Chile,13101,local,"En Santiago, Papudo, San Antonio y Concepcion. Desde 1984. Online en http://t.co/WJ9m8KuEq9
 
 Los Clasicos de tu Tiempo"
iquiquetv,tv,Generalista,2010-01-15 14:43:25+00:00,4610,"Iquique ,Chile",1101,local,"Canal 25.1 de Television Digital Abierta, TVD, 102 de VTR D-Box, y On Line en http://t.co/QtZxfTqzn2"
ddivisadero,np,Generalista,2011-06-24 14:19:35+00:00,4849,Coyhaique - Patagonia - Chile,11101,local,21 anos al servicio de la comunidad de la region de Aysen. Solo noticias regionales.
verticetv,tv,Generalista,2009-04-23 01:09:01+00:00,2721,"Puerto Montt, Chile.",10101,local,"Vertice TV es un medio de comunicacion independiente y pluralista, considerando a las personas en sus intereses por informacion y entretencion."
soycopiapo,np,Generalista,2011-01-17 21:56:11+00:00,7035,"Copiapo, Chile",3101,local,Noticias locales de toda la Region de Atacama (III Region). Editado por El Diario de Atacama.
belelu,mag,Mujeres,2009-05-11 20:59:43+00:00,16727,Donde estes tu :),13123,nacional,No somos el club de Lulu. Cuenta administrada por @ale_spuhr. Una comunidad de @Betazeta.
estrella_toco,np,Generalista,2010-04-09 13:31:28+00:00,2835,Tocopilla,2301,local,Fundada el 12 de febrero 1924
norteminero_cl,mag,Mineria,2013-07-28 03:41:28+00:00,5516,Chile,2101,local,Con Norte Minero siempre estas informado del acontecer minero nacional e internacional: Revista + Programa radial + Sitio web (Desde 1998)
diariolabrador,np,Generalista,2011-06-30 04:49:05+00:00,2284,"Melipilla, Santiago de Chile",13501,local,"Twitter Oficial del Diario El Labrador de Melipilla, Patrimonio Historico de la Region del Maipo"
rmuyinteresante,mag,Ciencia y Tecnologia,2012-12-20 14:23:29+00:00,1564,Santiago de Chile,13114,nacional,Somos la revista Muy Interesante de Chile
elepicentro,np,Generalista,2009-08-22 06:19:24+00:00,7231,Chile,5101,local,"Periodico de distribucion gratuita: Valparaiso, Quilpue, V. Alemana, Casablanca, Curauma, Placilla,  y Vina del Mar.  info@elepicentro.cl
 http://t.co/KknrKMJY"
revistacapital,mag,Economia,2009-02-18 20:41:19+00:00,67565,Santiago,13114,nacional,"La primera revista chilena orientada -desde una perspectiva integral- a hombres y mujeres de negocios, ejecutivos y profesionales."
acuerdoscl,mag,Medio Ambiente,2011-05-24 15:41:36+00:00,3519,Chile,13123,nacional,Un espacio para el debate socio-ambiental y la participacion ciudadana. Buscamos que individuos organizados incidan en pos de lo sustentable. De @casadelapaz
montecarlocl,rad,Musica y Noticias,2011-11-02 20:21:21+00:00,7949,"La Serena, Coquimbo",4101,local,"Me acompana, me informa, me entretiene. #MontecarloCL ¡me gusta! Escuchanos en el 102.7 y venos en radiomontecarlo.cl."
biobiotv,tv,Generalista,2008-05-03 16:47:48+00:00,36682,"Bio Bio, Chile",8101,local,
putaendoinforma,np,Generalista,2011-06-17 22:36:45+00:00,5386,Putaendo,5705,local,Desde el 17 de Junio de 2011 informando del acontecer comunal. Putaendo Informa ¡¡Primeros de Verdad!!. Primeros en la Noticia. Con un equipo 100% en terreno.
elmontepatrino,np,Generalista,2013-03-21 05:17:40+00:00,738,Monte Patria - Chile,4303,local,"Diario Electronico Comuna de Monte Patria, perteneciente a Red de Diarios Comunales http://t.co/rjOEs5jy2v"
rsumen,np,Generalista,2010-09-17 16:53:28+00:00,5449,Concepcion,8101,local,Periodico web y en formato impreso mensual distribuido en el Gran Concepcion. Actualizacion diaria de noticias en la web
radiousach,rad,Generalista,2011-01-12 14:45:44+00:00,22677,"Alameda 3363, Santiago, Chile",13106,local,
latercera,np,Generalista,2007-04-02 15:22:14+00:00,1436788,"Santiago, Chile",13123,nacional,"El diario de Chile. Noticias, conversacion, opinion y otros contenidos destacados de http://t.co/h2mpRUhOmt. Sigue la actualidad deportiva en @lt_deportes."
laperladelimari,np,Generalista,2014-01-08 23:26:00+00:00,175,Ovalle,4301,local,"Diario Electronico Comuna de Ovalle, perteneciente a Red de Diarios Comunales http://t.co/tbYHUf3EJm"
radiouniverso,rad,Musica y Noticias,2009-09-24 20:12:52+00:00,132154,"Santiago, Chile",13101,local,Clasicos del Pop y el Rock. Tambien estamos en https://t.co/Mgyyo7heKW
veoverde,mag,Medio Ambiente,2008-11-04 10:44:34+00:00,87235,Santiago de Chile / Mexico D.F,13101,nacional,El futuro es verde. Una comunidad de @Betazeta.
prensatuciudad,np,Generalista,2010-01-27 19:47:28+00:00,586,Rengo,6115,local,
fmok,rad,Musica y Entretencion,2009-03-10 18:27:45+00:00,7722,Chile,2101,local,"Somos la primera cadena joven de radios del centro norte de Chile. Estar bien, es estar Ok."
elmostrador,np,Generalista,2008-01-29 04:20:54+00:00,946033,Chile,13123,nacional,El primer diario digital de Chile
radiopolar,rad,Musica y Noticias,2010-01-29 23:05:09+00:00,15457,"Punta Arenas, Chile",12101,local,
soyosorno,np,Generalista,2011-01-17 20:57:30+00:00,11103,"Osorno, Chile",10301,local,Noticias locales de la Region de Los Lagos (X Region). Editado por El Austral de Osorno.
deportesarica,np,Deporte,2010-01-04 19:22:39+00:00,4363,Arica,15101,local,Correo administrador@deportesarica.cl  Nuestra pagina no tiene relacion directa con el club San Marcos de Arica.
clave9cl,np,Generalista,2011-10-14 13:52:32+00:00,12458,"Temuco, Chile",9101,local,Diario Electronico con noticias de La Araucania (Chile) actualizadas las 24 horas del dia
elvileno,np,Generalista,2014-09-26 18:37:21+00:00,188,Los Vilos,4203,local,"Diario Electronico Comuna de Los Vilos, perteneciente a Red de Diarios Comunales http://t.co/ZlGfU8gpGu"
radiox_valdivia,rad,Generalista,2012-09-29 23:38:17+00:00,397,Valdivia | Chile,14101,local,Valdivia 102.9 FM / Villarrica-Pucon 95.3 FM | Fono 63-2-360029 | Una Empresa del Grupo El Conquistador FM
elnaveghable,np,Generalista,2009-03-29 02:58:40+00:00,9887,Valdivia - Los Rios - Chile,14101,local,"Somos el Diario Ciudadano de la Region de #LosRios, parte de @RedMiVoz, la red de medios digitales con mayor cobertura en #Chile. #LaRegionEsTuya"
diarioatacama,np,Generalista,2009-05-29 04:10:28+00:00,11596,Copiapo,3101,local,"Somos el portal en internet del Diario Atacama, con las noticias e informaciones de Copiapo y la region de Atacama."
rockandpop,rad,Generalista,2011-03-01 14:22:18+00:00,103560,Eliodoro Yanez #1783,13123,nacional,El Gran Sonido
nacioncl,np,Generalista,2007-11-15 19:04:58+00:00,275392,Chile,13101,nacional,"Diario La Nacion online. Siguenos en https://t.co/hY3IZoDuZ6 / ¿Deportes? Si, en @Nacion_Triunfo / Y tambien somos @nacion_Politica"
girovisualtv,tv,Generalista,2010-08-11 20:59:24+00:00,2484,,5601,local,"Somos el Canal de television de la V Region, asociados al canal de noticias mas grande de Chile y el mundo, Cnn Chile. corresp. de C13, Chv y Portavoz Noticias"
ferplei,np,Deporte,2009-08-26 21:36:18+00:00,46644,,13101,nacional,Cuenta Oficial del portal Ferplei. Todo lo que necesitas saber del futbol lo encuentras junto a nosotros. #SomosFerplei
el_salamanquino,np,Generalista,2013-04-11 23:35:58+00:00,747,Salamanca,4204,local,"Diario Electronico de la Comuna de Salamanca, perteneciente a Red de Diarios Comunales http://t.co/f9rRYixtyG"
radioorocoipo,rad,Musica y Entretencion,2012-04-23 13:56:27+00:00,676,Transmitiendo desde Rancagua,6101,local,Radio Emisora con profundo servicio a la comunidad y a las personas con capacidades diferentes. Arturo Jara Carrasco (propietario) les saluda con un gran abrazo
mundoacuicola,mag,Aquicultura,2009-09-09 13:40:00+00:00,2199,"Puerto Montt, Chile",10101,nacional,
congresofm,rad,Musica y Noticias,2013-11-09 17:19:11+00:00,2293,Valparaiso-Chile,5101,nacional,Twitter Oficial de la Sabrosita de la Frecuencia Modulada en la V Region
sonarfm,rad,Musica,2009-03-02 14:58:06+00:00,116218,,13101,local,
soypuertomontt,np,Generalista,2011-01-17 20:48:13+00:00,11000,"Puerto Montt, Chile",10101,local,Noticias locales de la Region de Los Lagos (X Region). Editado por El Llanquihue.
diarioelpilin,np,Generalista,2010-02-25 21:56:55+00:00,13325,Santiago de Chile,13101,local,"Grupo de Libre Pensadores iconoclastas que van por la vida, como la vida misma, sin pitutos ni nostalgias anejas.                  Mail: diarioelpilin@gmail.com"
laciudad,rad,Musica y Noticias,2009-08-27 20:43:45+00:00,1901,Lebu Chile,8201,local,Radio La Ciudad Puerto de Lebu transmite en el 88.9 Fm
soychillan,np,Generalista,2011-01-17 21:39:29+00:00,8437,"Chillan, Chile",8401,local,Noticias locales de la Region del Biobio (VIII Region). Editado por Cronica Chillan.
pucontv,tv,Generalista,2009-09-30 21:00:29+00:00,4253,"Pucon, Chile",9115,local,"PuconTV Mas Cerca De Ti. 
 El Canal de la gente de Pucon."
quillotadigital,np,Cultura y Entretencion,2013-07-22 18:38:01+00:00,833,"Quillota, Chile",5501,local,Tu ciudad en la web
terrachile,np,Generalista,2009-07-09 14:30:55+00:00,1085398,"Santiago, Chile",13123,nacional,"El portal numero uno de Chile en noticias, deportes y entretencion"
rnuevomundo,rad,Musica y Noticias,2011-06-26 16:50:07+00:00,11695,Chile,13101,nacional,"Red de Emisoras Nuevo Mundo. En todo el pais. Escribenos, Denuncia. Se parte de Radio Nuevo Mundo, solo la verdad."
sitiocero,mag,Generalista,2011-04-06 12:24:57+00:00,15444,,13101,local,"Comunicacion, cultura, comunidad y humanidad son nuestros temas. Compartir, escribir, leer, comentar, difundir, preguntar, crear, conversar son nuestros verbos."
radiomaray,rad,Musica y Noticias,2009-12-11 17:42:37+00:00,17462,"Copiapo, Chile",3101,local,Twitter oficial de  la radio del Dakar
revista_paula,mag,Mujeres,2009-07-18 23:26:19+00:00,94446,Chile,13123,local,"Twitter oficial de Revista Paula, Chile. Contenido con visualidad, visualidad con contenido. Siguenos tambien en facebook, instagram y pinterest."
biobiodeportivo,np,Deporte,2013-10-22 01:35:49+00:00,10,,8101,local,
radiobuenanueva,rad,Musica y Noticias,2010-01-14 18:54:25+00:00,3397,Linares Region del Maule Chile,7401,local,Radio Buena Nueva FM 97.9  Linares - Chile  ♪♫ Estudios Centrales Freire Nº452 Fonos 732210302 Whatsapp +56950520721
diarioelcoqbano,np,Generalista,2013-10-11 15:33:24+00:00,5097,Coquimbo,4102,local,"Diario Electronico Comuna de Coquimbo, perteneciente a Red de Diarios Comunales http://t.co/lmpp2p2oVp"
antofacity_com,np,Generalista,2010-08-23 19:02:37+00:00,340,"Antofagasta, chile",2101,local,Twitter oficial del portal informativo http://t.co/0932qyFvxy
caribefm,rad,Musica y Noticias,2009-08-23 02:46:05+00:00,253,Iquique - Chile,1101,local,"Radio Iquiquena, dedicada a difundir musica del recuerdo."
desiertofm,rad,Musica y Entretencion,2009-04-26 10:47:18+00:00,5213,ANTOFAGASTA CHILE,2101,local,Sigue a nuestros locutores: @jeannettesaabu @cesararayaradio @pvarelachile y todas las noticias en @region2cl
radioquellon,rad,Musica y Noticias,2010-03-11 11:47:50+00:00,6632,Quellon-Chiloe,10208,local,La primera radioemisora Fm del sur de la isla Grande de Chiloe. Fundada el 30 de Agosto de 1985.
losriosdeporte,np,Deporte,2012-05-06 23:09:06+00:00,361,Valdivia - Chile,14101,local,Diario electronico deportivo de la Region de Los Rios. Somos EquipoCapital
radiorancagua,rad,Generalista,2009-08-04 18:12:07+00:00,11966,"Rancagua, Sexta Region Chile",6101,local,"Radio Rancagua 99.5 ¡NUEVO DIAL! Fm.Somos la emisora mas antigua del pais.    Musica,Noticias,Deportes,Cultura,Realidad."
elmagallanews,np,Generalista,2010-10-19 17:01:48+00:00,6174,"Punta Arenas, Chile",12101,local,Somos el Diario Ciudadano de la Region de #Magallanes y la #Antartica. Y tambien formamos parte de @RedMiVoz. #LaRegionEsTuya
latribunacl,np,Generalista,2013-09-11 19:17:56+00:00,6049,"Los Angeles, Chile",8301,local,"Noticias de la Provincia del Bio Bio // Informar es nuestro trabajo, la verdad nuestro compromiso. #LaTribuna #Noticias"
radio_camila,rad,Musica y Noticias,2010-09-04 02:37:36+00:00,9664,"Los Angeles,Chile",8301,local,"Desde 1994 acompanando a la provincia de Biobio y el mundo, en https://t.co/YPxYbu2Lsn , sumate tu tambien !!! info en prensa@radiocamila.com"
somosmelipilla,np,Generalista,2013-07-16 02:01:37+00:00,1864,"Melipilla, Chile",13501,local,"Noticias, Tips, Entretencion y Panoramas... Somos Provincia, Somos Comunidad, Somos Melipilla http://t.co/oH42ERbVRS - info@somosmelipilla.cl"
la_segunda,np,Generalista,2009-11-05 20:01:25+00:00,479154,Chile,13123,nacional,Acompanamos tu dia con los temas que hacen noticia en Chile y el mundo. ¡Tambien encuentranos en Facebook! http://t.co/kC8az4gChk
chilevision,tv,Generalista,2010-03-18 20:47:33+00:00,1002951,Santiago de Chile,13101,nacional,Te ve de verdad.
rectvcanal13,tv,Archivos,2014-03-29 01:39:53+00:00,2931,Movistar y TuVes,13123,nacional,"Somos el canal #retro de la television chilena. Revive momentos clasicos de teleseries, programas infantiles, reportajes y estelares de la mano de @canal13."
la7talca,tv,Generalista,2010-12-04 13:46:46+00:00,661,"Talca, Chile",7101,local,Sitio de noticias y canal de television online del Maule con la mejor programacion para ti.
soyvalparaiso,np,Generalista,2011-01-17 22:14:41+00:00,41682,"Valparaiso, Chile",5101,local,Noticias locales de la Region de Valparaiso (V Region). Editado por El Mercurio de Valparaiso y La Estrella de Valparaiso.
soyconcepcion,np,Generalista,2011-01-17 21:49:12+00:00,36003,"Concepcion, Chile",8101,local,Noticias locales de la Region del Biobio (VIII Region). Editado por El Sur y La Estrella de Concepcion.
cnnchile,tv,Generalista,2008-12-19 19:09:28+00:00,2239723,Chile,13101,nacional,Somos la cuenta oficial en Twitter de CNN Chile.
soyvaldiviacl,np,Generalista,2011-01-17 21:09:03+00:00,10018,"Valdivia, Chile",14101,local,Noticias locales de Region de Los Rios (XIV Region). Editado por El Austral de Los Rios.
diariopenquista,np,Generalista,2013-01-13 05:04:26+00:00,6775,"concepcion, chile",8101,local,"Diario electronico del Gran Concepcion. Denuncias, noticias y CP a diariopenquista@gmail.com. Concepcion, Chile"
viax,tv,Musica,2008-10-13 21:14:39+00:00,63754,Chile,13123,nacional,Twitter OFICIAL del canal de cable chileno VIA X
elpunitaquino,np,Generalista,2013-04-22 21:31:58+00:00,212,Punitaqui - Chile,4304,local,"Diario Electronico Comuna de Punitaqui, perteneciente a Red de Diarios Comunales http://t.co/q6F9vL9woz"
elobservatodo,np,Generalista,2008-12-21 00:48:02+00:00,53289,La Serena - Coquimbo - Chile,4101,local,Vemos bajo el agua y somos el primer diario digital de #Coquimbo. Parte de la red de diarios ciudadanos de @RedMiVoz #LaRegionEsTuya
inettvdigital,tv,Generalista,2011-05-28 20:27:36+00:00,7389,Chile,10101,local,"Somos el primer canal digital HD de la region Canal 25.1-25.2 HD Canal 2 , canal 3 VTR y 39 Telefonica-GTD"
lamegafm_iquiqu,rad,Transito y Noticias,2011-05-10 19:44:06+00:00,1692,,1101,local,
radioisadorafm,rad,Musica y Noticias,2011-10-12 19:57:01+00:00,4901,"CHILLAN, CHILE",8401,local,
s_schwartzmann,np,Reportero,2009-07-26 12:07:55+00:00,65256,Concepcion (Chile),8101,local,"Resumen de tuits y noticias, con casi todas las del momento, para estar siempre informados"
radiopaulina,rad,Musica y Noticias,2009-11-29 03:54:26+00:00,7810,"Iquique, Chile",1101,local,Emisora lider en comunicacion social en la Region de Tarapaca desde 1983... la primera de la primera... la que mas se escucha porque te escucha...
elmuro_digital,np,Generalista,2015-02-18 17:38:31+00:00,11973,"Santiago, Chile",13114,nacional,Diario Electronico especializado en noticias politicas y economicas de Chile.
estrelladearica,np,Generalista,2011-01-17 20:36:24+00:00,3358,"Arica, Chile",15101,local,Twitter del Diario La Estrella de Arica
radiocorazonfm,rad,Musica y Entretencion,2010-02-22 20:19:42+00:00,33758,Santiago de Chile,13101,nacional,"Fundada el 6 de febrero de 1997, desde septiembre de 2005 es la numero 1 del dial."
redmaule,np,Generalista,2010-02-24 00:37:11+00:00,31948,"Region del Maule, Chile",7101,local,"Diario online de noticias regionales, nacionales, actualidad y entretencion. Cadena http://t.co/XftHKPCJQj - Tambien en: https://t.co/YLsMLbCekm"
diarioenaccion,np,Generalista,2009-06-23 19:52:19+00:00,7613,Valdivia,14101,local,Desde Valdivia para el mundo...
serpadreschile,mag,Familia,2014-08-25 21:43:41+00:00,387,Santiago Chile,13114,nacional,Revista Ser Padres Chile
elcomunicadorcl,np,Generalista,2012-11-10 02:06:11+00:00,1633,Melipilla,13501,local,
diarioelmarino,np,Generalista,2011-02-27 18:08:09+00:00,1537,"Pichilemu, Chile",6201,local,"Diario independiente, pluralista y veridico. Fundado el 30 de abril de 2013. Director: @elpichilemino"
wayerless,np,Tecnologia,2008-08-04 20:20:55+00:00,31738,Donde exista senal movil.,13101,nacional,Dosis diarias de celulares en espanol. Cuenta administrada por el equipo Wayerless. Una comunidad de @Betazeta.
contemporaneafm,rad,Musica y Entretencion,2009-07-30 14:36:53+00:00,1409,San Felipe - La Ligua,5701,local,"Radio Contemporanea FM, mas exitos en San Felipe y Los Andes: 97.5, Papudo y La Ligua: 100.7"
diariolahora,np,Generalista,2009-04-29 16:33:31+00:00,252823,Santiago,13120,nacional,Diario chileno de distribucion gratuita
pinguinodiario,np,Generalista,2009-04-14 15:16:21+00:00,22554,"Punta Arenas, Chile",12101,local,La plataforma comunicacional mas grande de la #Patagonia chileno-argentina. Diario / Radio / TV / Web
armoniaonline,mag,Religion,2010-08-18 15:49:37+00:00,3566,Santiago Chile,13101,local,Armonia es un Ministerio Cristiano que busca difundir las verdades y practicas cristianas reveladas en las Sagradas Escrituras
fmdos,rad,Musica y Entretencion,2010-03-03 14:12:40+00:00,68126,"Santiago, Chile.",13101,nacional,Tu espacio para el amor y la musica de los dos.
aconcaguanews,np,Generalista,2011-06-07 22:40:11+00:00,17300,Valle de Aconcagua,5301,local,"Somos un medio Pluralista sin compromisos politicos ni economicos. Medio Autonomo, desarrollado por un equipo de profesionales jovenes del valle de Aconcagua."
elpaihuanino,np,Generalista,2013-04-08 21:01:23+00:00,1344,Paihuano - Chile,4105,local,"Diario Electronico de la Comuna de Paihuano, perteneciente a Red de Diarios Comunales http://t.co/g4s0H7FalD"
radionostalgica,rad,Musica y Noticias,2009-09-05 08:30:41+00:00,12645,Copiapo - Atacama - Chile ,3101,local,Twitter Oficial Radio Nostalgica FM
radioelquina,rad,Musica y Noticias,2013-06-10 19:14:20+00:00,1243,Valle de Elqui ,4106,local,"Radio de la comuna de Vicuna. 100.5 FM, al aire desde el 01 de febrero de 2013, senal on line en http://t.co/ChE3wwmJTG."
diario_eha,np,Generalista,2012-07-05 16:07:21+00:00,3236,Puerto Varas,10109,local,60 anos comunicando
caraschile,mag,Actualidad,2009-09-02 21:50:34+00:00,57460,Chile,13114,nacional,Estamos con los personajes y los temas que mueven a Chile y al mundo. Con una actualidad que no pasa de moda.
diarioovallehoy,np,Generalista,2013-04-01 01:36:44+00:00,4603,Ovalle,4301,local,"Somos el diario electronico mas leido de Ovalle y la provincia. Todas las Noticias Online del Limari en tres horarios: 08:00, 15:00 y 21:00 hrs. Siguenos"
americaeconomia,mag,Economia y Empresas,2009-04-15 01:10:18+00:00,123733,America,13101,nacional,AmericaEconomia
estrellachiloe,np,Generalista,2010-04-14 19:25:30+00:00,10965,Castro,10201,local,Diario de Chiloe
ciudadinvisible,np,Cronica,2011-07-18 23:10:25+00:00,3936,Valparaiso,5101,local,"Cronica, opinion y periodismo independiente desde Valparaiso, Chile."
quintavision,tv,Generalista,2009-09-09 02:35:48+00:00,11146,Vina del Mar,5109,local,"Quinta Vision, es un canal de television local, el cual emite su programacion a traves de la frecuencia 9 del cable operador VTR"
elandacollino,np,Generalista,2013-01-16 04:05:35+00:00,2332,Andacollo - Chile,4103,local,"Diario Electronico de la Comuna de Andacollo, perteneciente a Red de Diarios Comunales http://t.co/Z8zSnbDwMF"
transmediachile,np,Tecnologia,2008-07-08 21:43:47+00:00,35059,Chile,13101,nacional,"Twitter oficial de www.transmedia.cl  Noticias sobre Tecnologia, Internet, marketing, redes sociales y lo que pase por aca. Twitter del editor es @mromerochile"
informarte,np,Cultura y Entretencion,2009-07-01 14:53:01+00:00,585,Antofagasta,2101,local,Un espacio libre y pluralista para la cultura de la Region de Antofagasta.
ccauqueninocom,np,Generalista,2011-04-02 18:33:57+00:00,1097,Tierra amada de Cauquenes,7201,local,"Nuestra idea es conectar a nuestra gente Cauquenina, y juntos cada dia ser mejores y un aporte real a Chile."
portalohiggins,np,Turismo y Noticias,2009-05-04 15:41:42+00:00,7126,"Rancagua, Chile",6101,local,"Red Social de Noticias y Turismo de la Region de O'Higgins, Chile. Verdaderamenre Regional - menciona @portalohiggins y cuentanos que ocurre en tu comuna!"
cambio21cl,np,Politica y Economia,2010-07-06 16:21:28+00:00,15702,Santiago - Chile,13101,nacional,"Mas que noticias
 Siguenos tambien en 
 https://t.co/lQ8lbIn49w"
adnradiochile,rad,Musica y Noticias,2010-10-11 23:56:10+00:00,1280583,"Santiago, Chile",13123,nacional,Twitter oficial de Radio ADN 91.7. Emisora miembro de @PRISARadio.  Whatsapp: +56977727572 | Senal online: https://t.co/uTTW9AdI3L
elquintopoder,np,Generalista,2010-03-11 17:59:37+00:00,111053,Chile,13123,nacional,Elquintopoder es el poder ciudadano. Tu opinion es Accion Responsabilidad – Inclusion – Colaboracion – Aceptacion – Respeto
concordia_arica,np,Generalista,2014-02-21 04:35:03+00:00,1003,,15101,local,"Diario digital http://t.co/DcqUypBvvj
 Enterate de todas las noticias de Arica, Chile y el mundo a traves de nuestro moderno e independiente portal web."
digitalfmchile,rad,Musica y Noticias,2009-09-01 23:16:39+00:00,4294,Chile,13123,nacional,"Twitter oficial de Radio Digital Fm. Al aire en nuestras frecuencias desde Arica a Punta Arenas. Digital Fm, es mas."
diarioelhuemul,np,Generalista,2012-06-04 02:02:27+00:00,873,Futaleufu-Patagonia Chilena,10401,local,Diario Digital de la Provincia de Palena
ahoranoticiasan,np,Generalista,2009-07-18 22:23:30+00:00,698219,Chile,13120,nacional,Mantente informado al instante con https://t.co/T62LJQp0Y4. Comunicate con @ahoranoticiasAN y https://t.co/VNx0JbteZQ
soyiquique,np,Generalista,2011-01-17 20:45:07+00:00,14530,"Iquique, Chile",1101,local,Noticias locales de la Region de Tarapaca (I Region). Editado por La Estrella de Iquique.
glamoramacl,mag,Entretencion,2011-07-05 22:16:27+00:00,108809,Chile,13120,nacional,"Sitio de entretencion dedicado a las celebridades chilenas y del mundo. El minuto a minuto de la farandula. Personajes, eventos, estilo."
diarioelnortino,np,Generalista,2009-12-07 11:55:53+00:00,2234,"Iquique, Tarapaca",1101,local,"Nuestro medio no vive culpando a alguien, es labor del Tribunal. Nosotros informamos sin emitir juicios de valor, ni condenas, educamos. Somos periodistas."
realcondorito,mag,Humor,2012-07-17 20:31:03+00:00,128998,Pelotillehue,13114,nacional,"Nacido y criado en Pelotillehue, fiel a mi Yayita y fanatico del Tome Pin y haga Pum. Soy la cuenta oficial de Condorito en Twitter."
agriculturafm,rad,Musica y Noticias,2009-04-29 17:05:20+00:00,45416,Santiago Chile,13101,nacional,Radio Agricultura 79 anos Junto a ti. https://t.co/mDYiQlPbNf 92.1FM y 570AM
revistacosas,mag,Actualidad,2009-09-04 19:42:56+00:00,48622,Almirante Pastene 345,13123,nacional,Somos una revista internacional. Siguenos en Instagram: @revistacosas y Facebook: https://t.co/mEFbhlrHiB
soyquillota,np,Generalista,2011-01-17 21:55:31+00:00,5763,"Quillota, Chile",5501,local,"Noticias locales de las provincias de Quillota y Petorca, y las comunas de Limache y Olmue en la V Region de Valparaiso. Editado por La Estrella de Quillota."
niubie_com,mag,Videojuegos,2010-05-25 19:00:11+00:00,10503,,13101,nacional,Ociosos profesionales.
tele13_radio,rad,Musica y Noticias,2015-03-30 19:30:32+00:00,33743,Chile,13123,nacional,Cuenta Oficial de Tele13Radio / 103.3FM / #EsHoraDeEscucharnos
prensaenlinea6,np,Generalista,2013-12-10 18:05:18+00:00,1281,CHILE,6101,local,La Region de  O'Higgins es Noticia
elaconcagua,np,Generalista,2011-05-24 15:04:48+00:00,7147,Valle de Aconcagua,5301,local,Fundado el 23 de agosto del 2005
ancoafm,rad,Musica y Noticias,2011-03-03 14:58:57+00:00,7469,Linares Chile,7401,local,Radio Ancoa desde 1976 La Radio de Linares. 103.5 FM. - Estudios Centrales Rengo Nº 959. Fonos (56-73) 2612320 / 2612325.  Whatsapp +56945010474.
estrella_loa,np,Generalista,2010-04-09 19:00:13+00:00,2688,,2201,local,
revistamujerlt,mag,Mujeres,2012-04-10 01:48:01+00:00,23841,"Santiago, Chile",13120,nacional,"La revista mas leida de Chile, circula cada domingo junto al diario La Tercera."
pulso_tw,np,Economia,2011-11-24 20:52:03+00:00,42036,,13120,nacional,Twitter oficial de Pulso. La primera multiplataforma para la comunidad de negocios en el pais.
itvnoticias,tv,Generalista,2011-03-16 15:36:00+00:00,6110,Punta Arenas,12101,local,Informativo del canal de Television Regional de Magallanes ITV Patagonia.
infinitafm,rad,Musica y Entretencion,2009-09-01 22:12:15+00:00,12149,,13123,nacional,100.1 FM en Santiago. http://t.co/Zsaj3EVOca
24horastvn,tv,Generalista,2009-11-15 19:23:17+00:00,2712263,,13123,nacional,Informate con la plataforma online del departamento de prensa de TVN. Ahora en web y moviles. Tambien en http://t.co/fFdxcBqeTD
redbiobio,np,Generalista,2012-02-20 14:39:51+00:00,29647,Concepcion,8101,local,"Diario online de noticias regionales, nacionales, actualidad y entretencion. Cadena http://t.co/XftHKPCJQj  - Tambien en: https://t.co/ivH2qNIE6f"
elsurcl,np,Generalista,2009-05-17 04:00:11+00:00,39587,"Concepcion, Region del Bio Bio",8101,local,
lun,np,Generalista,2014-09-03 16:04:25+00:00,60920,,13123,nacional,Cuenta oficial del Diario Las Últimas Noticias en Twitter. Tenemos gatos en la oficina. Somos luncom en Snapchat
radiouvm,rad,Musica y Noticias,2009-12-21 14:30:14+00:00,5257,Vina del Mar,5109,local,Twitter oficial de Radio UVM de la Universidad Vina del Mar
soycoronel,np,Generalista,2012-01-24 18:31:41+00:00,3070,"Coronel, Chile",8102,local,Noticias locales de la Region del Biobio (VIII Region). Editado por El Sur y La Estrella de Concepcion.
radiobeethoven,rad,Musica,2010-05-19 16:34:22+00:00,6396,Santiago - Chile,13120,local,Radio Beethoven 96.5 Santiago - 100.3 Santo Domingo
radiomariachile,rad,Religion,2009-10-23 19:03:52+00:00,2317,Chile,13123,nacional,Una Radio de Oracion y Evangelizacion. Una buena senal para Chile. 24 hrs al dia. Nuestra Mision: Llevar a Cristo al corazon de los hombres.
punto9,rad,Musica y Entretencion,2009-08-17 18:41:40+00:00,1144,Sexta y Septima Regiones CHILE,6301,local,La mezcla perfecta para el adulto contemporaneo. [Fanpage http://t.co/7bGgggSPi7] [Senal online http://t.co/m3MlIPflip] [✉️ radio@punto9.cl] [☎️072-2585511]
mega,tv,Generalista,2009-04-24 13:01:17+00:00,652468,"ÜT: -33.425602,-70.582695",13120,nacional,Twitter oficial de MEGA. Facebook: http://t.co/3RtCV6mg9O
mqltv,tv,Generalista,2010-01-29 21:31:16+00:00,31283,"Santiago, Chile",13101,nacional,"MQLTV, Mejor que la Television: un portal de noticias, un canal por Youtube. Buscanos en http://t.co/7lzz0DBAWV."
redlosrios,np,Generalista,2012-04-26 20:21:41+00:00,5635,"Region de Los Rios, Chile",14101,local,"Diario online de noticias regionales, nacionales, actualidad y entretencion. Cadena http://t.co/XftHKPCJQj  - Tambien en: https://t.co/rqc7S1Oma4"
womenshealthcl,mag,Mujeres,2012-01-30 18:14:37+00:00,10116,"Santiago, Chile ",13114,nacional,"Los mejores consejos de fitness, belleza, salud, sexo, alimentacion y mucho mas estan en Women's Health CL. ¡Es increible ser tu! revistawh@televisa.cl"
elquiglobal,np,Generalista,2011-02-18 13:33:32+00:00,3020,Valle del Elqui,4106,local,"Periodico digital del Valle del Elqui, con informaciones de: Paihuano, Vicuna y La Serena. Fundado el 10 de octubre del 2010 por CEPT Comunicaciones."
revatacamaviva,mag,Cultura y Entretencion,2012-03-28 16:02:53+00:00,2347,Atacama,2203,local,Somos la revista cultural de la Region de Atacama. Cobertura y difusion de todas las areas de desarrollo regional. Buscamos ser la ventana de Atacama al mundo.
cesar_maturana,np,Gastronomia,2009-10-18 04:15:37+00:00,796,"Iquique, Chile",1101,local,"PERIODISTA, COCINERO, NATIVO DIGITAL Y GLOTON, CRONISTA GASTRONOMICO  EN http://t.co/6V2IJhghFu  DERECHISTA DE LA DIESTRA MOMIA.  Y QUE?  INFORMADO Y FELIZ"
biobio,rad,Generalista,2008-05-03 15:15:06+00:00,2127307,Chile,8101,nacional,Usa @biobio y cuentanos todo lo que ocurre en tu ciudad. ¡Siguenos y mantente informado minuto a minuto!
revistaed,mag,Decoracion,2011-08-09 15:47:57+00:00,4082,,13114,nacional,Revista chilena de decoracion y estilo de vida.
elvacanudo,np,Generalista,2008-12-04 12:30:47+00:00,4154,Osorno - Los Lagos - Chile,10301,local,"Somos el Diario Ciudadano de #Osorno, parte de @RedMiVoz, la red de medios digitales con mayor cobertura en #Chile. #LaRegionEsTuya"
elqhaydecierto,np,Generalista,2010-07-22 14:56:22+00:00,3221,"Copiapo, Chile",3101,local,El primer diario digital de #Atacama. Parte de la red de diarios ciudadanos de @RedMiVoz #LaRegionEsTuya #Copiapo #Chanaral #Huasco
redvalparaiso,np,Generalista,2012-04-26 19:52:12+00:00,10924,,5101,local,"Diario online de noticias regionales, nacionales y actualidad. Cadena http://t.co/XftHKPCJQj - Noticias al minuto. Tambien en: https://t.co/jXuNttZyKx"
pagina7chile,np,Generalista,2014-07-11 21:13:43+00:00,1984,,8101,nacional,"Portal de noticias creado en Concepcion, parte de la red de medios de BioBio Comunicaciones y BioBioChile."
radio_romantica,rad,Musica y Entretencion,2009-11-11 14:51:59+00:00,21880,Chile,13123,nacional,
portalnet,np,Humor y Noticias,2009-04-28 02:52:38+00:00,43199,Chile,13101,nacional,"Portalnet, una de las comunidades mas grande Chile; Actualidad, noticias, entretencion, cochinadas y humor, mucho humor."
rengonotas,np,Generalista,2010-06-27 23:02:07+00:00,762,,6115,local,
lt_finde,np,Entretencion,2014-05-23 20:19:33+00:00,5511,,13120,nacional,Somos el suplemento de panoramas de @latercera. Encuentranos en nuestro sitio web y en https://t.co/v5Nk5JaHB3
fmconquistador,rad,Generalista,2010-05-04 17:09:44+00:00,44452,Chile,13107,nacional,"Radioemisora fundada en 1962. Una red FM para todo Chile, de Arica a Punta Arenas"
soytemuco,np,Generalista,2011-01-17 21:30:50+00:00,16865,"Temuco, Chile",9101,local,Noticias locales la Region de La Araucania (IX Region). Editado por El Austral de La Araucania.
radioduna,rad,Musica y noticias,2009-04-15 14:06:18+00:00,72096,Chile,13120,nacional,89.7 Santiago / 104.1 V Region / 90.1 Concepcion / 99.7 P.Montt / Iphone: http://t.co/1yHYt3H1mW / Android: http://t.co/GyHWNgQ6TE
la_cav,mag,Vinos,2010-03-12 15:37:06+00:00,17083,Chile,13123,local,"Cuenta twitter oficial de revista LA CAV y del Club de Amantes del Vino, primer club de vinos de Chile fundado en 1997"
elfracaso,mag,Actualidad,2009-06-30 16:01:56+00:00,11548,Chile ,13101,local,Una victoria moral desde 2008. contacto@elfracaso.cl
onemichile,rad,Alertas,2010-02-08 13:36:38+00:00,1023379,Chile,13101,nacional,Cuenta oficial de la Oficina Nacional de Emergencia del Ministerio del Interior y Seguridad Publica (ONEMI)
canal13,tv,Generalista,2010-11-16 18:38:02+00:00,1683115,Chile,13123,nacional,Twitter oficial de Canal 13. Te contamos todo lo que sucede con nuestros programas y plataformas.
biutcl,mag,Mujeres,2010-09-21 21:11:19+00:00,8721,Chile,13120,nacional,"¡Hey, mujeres, aqui estamos! Estilo, fashion, sexo, amor, belleza y mucho mas.   Pueden escribirnos a contactobiut@gmail.com"
publichanaral,rad,Generalista,2010-09-26 15:02:02+00:00,1271,"chanaral, chile",3201,local,"Visita http://t.co/zoijDG5bAC informacion, noticias, fotos, descargas,. Visita nuestro canal en youtube http://t.co/ByMTE0VfHg."
nuevahorizonte,rad,Generalista,2013-03-06 20:36:14+00:00,5273,,13123,nacional,Tu musica sigue sonando || Descarga nuestra app para iPhone http://t.co/rdiNxBf6Dm    y Android http://t.co/AXEpCaEopw
ciper,np,Generalista,2009-04-21 03:16:33+00:00,442562,Chile,13120,nacional,"Centro de Investigacion Periodistica. Si tienes algun dato que compartir, puedes escribirnos a contacto arroba ciperchile.cl"
play_fm,rad,Musica,2008-03-26 16:35:39+00:00,44999,Santiago de Chile,13123,nacional,"Amamos la musica y disfrutar de las cosas simples. Estamos al aire en la 100.9, haciendo que tu dia suene mejor."
mercuriovalpo,np,Generalista,2009-07-31 16:40:28+00:00,68344,,5101,local,
futurofm,rad,Musica y Entretencion,2009-07-22 21:03:38+00:00,164151,Chile,13123,nacional,La radio del rock
redtarapaca,np,Generalista,2012-04-26 19:14:32+00:00,2735,Arica y Talca,1101,local,"Diario online de noticias regionales, nacionales y actualidad.Cadena http://t.co/yGIAFkpNaZ  - Tambien en Facebook: http://t.co/cDF0ornVvd"
vanidadeschile,mag,Mujeres,2012-06-11 14:22:07+00:00,5861,,13114,nacional,"Revista chilena femenina lider. Moda, belleza, vida sana, realeza, Hollywood y mas... ¡Entre mujeres nos entendemos!"
zonalatina,tv,Musica,2009-10-28 18:32:19+00:00,26482,Chile,13123,nacional,Twitter OFICIAL del canal de cable chileno ZONA LATINA
soyarica,np,Generalista,2009-07-03 21:11:42+00:00,28419,"Arica, Chile",15101,local,Noticias locales de la Region de Arica y Parinacota (XV Region). Editado por La Estrella de Arica.
revistatvgrama,mag,Entretencion,2010-12-10 23:22:34+00:00,14859,Chile,13101,nacional,"TV-Grama y TV-Grama Pop, marcas  lideres en el mercado editorial del pais. http://t.co/Y0VzLwvbQX  y http://t.co/QAcgpem4HW"
buenosdiascurac,np,Generalista,2012-11-12 13:23:30+00:00,1191,"Curacavi, Chile",13503,local,"Sitio dedicado a promover la actividad local de la comuna mas linda de Chile, Curacavi"
diario_pyme,np,Economia y Empresas,2009-06-19 19:43:40+00:00,18333,Santiago de Chile,13101,nacional,Punto de encuentro de emprendedores y empresarios. Canal de economia y emprendimiento de @PublimetroChile
fmmusicx,rad,Musica y Noticias,2012-03-30 11:23:36+00:00,829,Curacavi Chile,13503,local,La 106.3FM de Curacavi Somos la Radio mas escuchada del sector
publimetrochile,np,Generalista,2009-07-06 04:36:46+00:00,741161,"Santiago, Chile",13101,nacional,"Cuenta oficial del diario gratuito mas leido de Chile, con updates de noticias, deportes, espectaculos, mujeres, autos y mas. Tambien en https://t.co/TgG3Q7VaVp"
fayerwayer,np,Tecnologia,2007-07-24 23:34:13+00:00,395359,Internet,13101,nacional,Tu dosis diaria de tecnologia en espanol desde 2005. Cuenta administrada por @soyeldany (DN) y los editores de FW. Una comunidad de @Betazeta.
canalbangtv,tv,Musica,2010-01-11 13:42:21+00:00,6916,Chile,13123,nacional,Twitter OFICIAL del canal de cable chileno BANG TV
portalviregion,np,Generalista,2010-03-01 04:11:02+00:00,2640,Chile,6101,local,"El portal de la VI Region!!!
 para todos los amigos que se quieren mantener informados del acontecer de la Region de O'Higgins"
elconcecuente,np,Generalista,2010-12-04 01:12:26+00:00,30639,"Concepcion, Chile",8101,local,"Somos el Diario Ciudadano de la Region del #BioBio, miembro de @RedMiVoz, la red de medios digitales con mayor cobertura en #Chile. #LaRegionEsTuya"
laotravoz,np,Generalista,2009-11-16 20:43:06+00:00,16687,Chile,5101,local,Medio digital dedicado a comunicar desde la otra vereda. ¿Cual es nuestra linea editorial? Ciudadana y social. Entra a la familia LOV
vlanoticia,np,Generalista,2009-06-21 05:09:00+00:00,21750,"Curico, Chile",7301,local,"Noticias, reportajes, entrevistas, opinion, denuncias, todo lo que debes saber sobre Curico y el Maule."
ladiscusioncl,np,Generalista,2009-08-11 16:03:46+00:00,24196,Chillan,8401,local,"Diario de Chillan y la provincia de Ñuble. Fundado el 5 de febrero de 1870, es el segundo periodico en circulacion mas antiguo de Chile."
radiopudahuel,rad,Musica y Entretencion,2011-12-08 19:46:46+00:00,40143,Santiago de Chile,13124,nacional,Escuchanos on line en http://t.co/nfNXtPdlrr
redatacama,np,Generalista,2012-11-30 13:31:40+00:00,5629,Atacama - Chile,2203,local,"Diario online de noticias regionales, nacionales, actualidad y entretencion. Cadena http://t.co/XftHKPCJQj - Tambien en: https://t.co/xQSLINUtzd"
tiemposemanario,np,Economia y Noticias,2012-08-12 04:11:53+00:00,3308,"La Serena, Chile",4101,local,Noticias sobre el Desarrollo y Economia de la Region de Coquimbo
ellongino,np,Generalista,2013-03-11 17:34:41+00:00,3468,,1101,local,"Diario El Longino. Mas cerca de usted cada dia, con informaciones de Iquique y las comunas de la region de Tarapaca."
eldemocratacl,np,Generalista,2015-02-27 19:20:46+00:00,1973,Chile,13101,local,#periodismo #libre #independiente #participa #transparenciaeditorial #regeneracion #democracia
acciondeongs,mag,ONGs,2009-04-24 21:36:04+00:00,4588,"Santiago, Chile",13101,nacional,"La Asociacion Chilena de Organismos No Gubernamentales, ACCIÓN, representa a sus ONG socias en pos del fortalecimiento democratico y la participacion ciudadana."
elmartutino,np,Generalista,2009-09-11 15:55:07+00:00,22282,Valparaiso - Vina del Mar,5101,local,El primer diario digital de #Valparaiso. Vivimos la cultura portena y somos miembros de la red de diarios ciudadanos de @RedMiVoz #LaRegionEsTuya
radioactivafm,rad,Musica,2009-08-04 22:03:49+00:00,105740,Chile,13124,nacional,Escuchanos on line en http://t.co/Lom0J7a10o
huella_digital,np,Comunicacion Visual,2010-06-24 22:16:49+00:00,3471,Valparaiso,5101,local,"Agencia periodistica especializada en comunicacion visual. Operamos desde Valparaiso, lo suficientemente lejos de Santiago de Chile"
diarioeltrabajo,np,Generalista,2011-02-22 16:02:20+00:00,3581,"San Felipe, Chile",5701,local,"Somos el Diario mas antiguo del Valle de Aconcagua, fundado el 24 de febrero de 1929. Estamos en la red desde el 24 Feb. de 2000."
proclamacion,rad,Religion,2011-09-02 20:21:12+00:00,92,Arica av. Chapiquina 2707,15101,local,Escuchanos en 96.5 FM ARICA
publimetro_tv,tv,Generalista,2012-03-28 13:21:51+00:00,3321,Chile,13101,nacional,"Visita PublimetroTV, el sitio de videos de Publimetro, el diario numero uno del mundo y el mas leido de Chile. Videos de noticias, deportes, virales y mucho mas"
arteallimite,mag,Cultura,2009-04-16 19:28:50+00:00,9440,"Santiago, Chile",13123,nacional,Libros de lujo | Revista | Periodico | Galeria de arte online | Sitio web de Arte Contemporaneo
soytalcahuano,np,Generalista,2012-01-24 18:26:39+00:00,4199,"Talcahuano, Chile",8110,local,Noticias locales de la Region del Biobio (VIII Region). Editado por El Sur y La Estrella de Concepcion.
elcanelino,np,Generalista,2013-04-11 05:32:47+00:00,214,Canela - Chile,4202,local,"Diario Electronico Comuna de Canela, perteneciente a la Red de Diarios Comunales http://t.co/MDVGUKMc1f"
canal5linares,tv,Generalista,2012-04-29 20:21:53+00:00,5115,Linares Chile,7401,local,TV5 Senal Abierta en el Maule Sur y pronto Digital en todo el Maule. Av.Rengo nº959. Fono (+56-73) 2612320.  Medio asociado a @AncoaFM
oasisfmchile,rad,Musica,2013-01-28 20:43:10+00:00,14063,Chile,13123,nacional,"Somos la nueva Radio Oasis, 102.1. Visita nuestro sitio http://t.co/qdNuYLcDKY y siguenos en Facebook e Instagram @oasisfmchile ¡Vive hoy!"
positivafmchile,rad,Musica y Entretencion,2011-01-21 14:15:23+00:00,3770,Chile,13123,nacional,Radio Positiva FM ¡¡La mas alegre de Chile!! de Iquique a Punta Arenas y en todo el mundo en http://t.co/KcrbrnBlWc fono: 600 24 27 600 - 22 753 4454
diariolider,np,Generalista,2009-09-05 00:47:34+00:00,5232,,5601,local,
teledos_noticia,tv,Generalista,2010-01-11 18:22:22+00:00,7138,Temuco - Chile,9101,local,"Noticias verdaderamente regionales 09:00 / 14:00 / 17:00 / 21:30 / 00:00
 Universidad Autonoma de Chile Television"
lavozdemaipu,np,Generalista,2008-10-07 18:49:47+00:00,2033,Maipu | SCL,13119,local,Periodico Online/Impreso de la comuna de Maipu. ¡Siguenos!
valdiviacapital,np,Generalista,2010-05-04 17:48:18+00:00,4621,Region de Los Rios - Chile ,14101,local,El Portal de noticias de la Region de Los Rios. Somos EquipoCapital
radiodisneyla,rad,Infantil,2010-08-10 01:09:17+00:00,670259,,13120,nacional,Cuenta unica oficial de la cadena Radio Disney Latinoamerica.
rreloncavi,rad,Musica y Noticias,2015-10-07 12:20:06+00:00,207,"PUERTO MONTT, Chile",10101,local,Radio Reloncavi- La radio con mas historia en Puerto Montt
tarapaca_online,np,Generalista,2012-01-05 20:50:25+00:00,4748,"Iquique, Chile",1101,local,Nuevo Sitio de Noticias de la Region de Tarapaca.
queilencl,np,Generalista,2012-04-23 21:40:43+00:00,3125,Queilen (NO Queilen) - Chiloe,10207,local,Web desarrollada por queilinos @felipe_carcamo @keilina @pi4lejandra ...Tenemos por mision dar a conocer Queilen y sus bellezas. http://t.co/qWzmrHZal1
dfinanciero,np,Economia y Empresas,2009-08-07 19:25:57+00:00,99854,Chile,13114,nacional,Twitter oficial de Diario Financiero Online. Actualizacion minuto a minuto de noticias e indicadores.
elsoldeiquique,np,Generalista,2010-06-12 23:01:27+00:00,10386,Iquique,1101,local,"El Sol de Iquique es un periodico digital. Medio de comunicacion hecho para los lectores de Iquique, de Chile, el mundo y sus alrededores..."
tvn,tv,Generalista,2010-01-19 19:39:31+00:00,2471819,Chile,13123,nacional,Somos el twitter oficial de Television Nacional de Chile. Acompananos comentando con #TVN
carta_abierta,np,Generalista,2011-04-10 15:59:40+00:00,3329,"Concepcion, Chile",8101,local,"Medio pluralista e independiente de Concepcion. Ventana al acontecer de nuestras comunidades. Periodismo riguroso, serio y con un profundo apego a la verdad."
dichatoaldia,np,Generalista,2009-05-04 04:24:52+00:00,3959,Dichato,8111,local,"Noticias, Informacion de nuestro querido Dichato y sus alrededores"
choapanoticias,np,Generalista,2013-05-13 17:44:54+00:00,1833,"Provincia de Choapa, Coquimbo",4201,local,"Noticias del Choapa: Illapel, Salamanca, Los Vilos y Canela. Administra periodista @gabrielcarvajal e Ingeniero @cesarmery. Facebook http://t.co/eYoRKAmGto"
gennesisfm,rad,Musica y Noticias,2010-02-05 13:32:34+00:00,1451,Copiapo - Chile,3101,local,"Radio Gennesis FM 92.7 Copiapo y 103.3 Caldera. 20 anos al servicio de la entretencion e informacion. Lo mejor de los 70, 80, 90 y lo mas nuevo en musica."
conciertoradio,rad,Musica y Entretencion,2011-03-17 20:52:13+00:00,29488,Chile,13124,nacional,Solo grandes canciones. 88.5 en Santiago.
gvalpo,np,Generalista,2009-05-04 21:50:10+00:00,2234,Chile,5101,local,El primer diario electronico de columnas de opinion escrito por los ciudadanos. Pensando a Chile desde una de sus regiones.
soyarauco,np,Generalista,2012-01-25 14:43:06+00:00,3752,"Arauco, Chile",8202,local,Noticias locales de la Region del Biobio (VIII Region). Editado por El Sur y La Estrella de Concepcion.
lajugueramag,mag,Cultura,2013-03-13 14:56:59+00:00,5250,Chile,5101,local,Revista Cultural. Circulamos en papel y por la Web. Directora @aledelgado Editora @monselina Periodista @oscaraspillaga Diseno: @ideuso #VALPARAÍSO
elliberocl,np,Generalista,2014-08-01 21:39:51+00:00,25856,,13101,nacional,La realidad como no la habias visto.
radioudec,rad,Generalista,2009-11-03 19:43:47+00:00,757,"Concepcion, Chile",8101,local,"Radio de la Universidad de Concepcion. Transmite en la provincia de Concepcion, Chile, por el 95.1 FM. Fue fundada en 1959"
lapulentanews,np,Generalista,2010-03-15 12:16:00+00:00,5024,Santiago,13101,local,"Periodico Digital (antes Impreso) Entrevistas, Reportajes/Investigacion y Noticias. Web http://t.co/UxUPBVHXAZ Analizamos todo, estilo La Pulenta Claro"
chw_net,tv,Tecnologia,2008-07-23 20:22:05+00:00,14106,"Santiago, Chile",13101,nacional,La comunidad de hardware mas leida de Latinoamerica desde el 2003
elparadiario14,np,Generalista,2008-10-07 16:01:05+00:00,1674,Santiago,13110,local,Somos el primer diario digital local de la Region Metropolitana. Miembro de la red de diarios ciudadanos de @RedMiVoz #LaRegionEsTuya
australtemuco,np,Generalista,2009-04-22 15:30:01+00:00,53316,Temuco,9101,local,El diario de la region de La Araucania.
radio_amiga,rad,Generalista,2010-03-13 03:06:53+00:00,834,Calbuco,10102,local,"Radio Amiga se encuentra en el aire desde 1986, cubre gran partes de las provincia de Llanquihue, Chiloe y Palena."
ucvradio,rad,Musica y Noticias,2009-11-07 05:53:43+00:00,83277,"Vina del Mar, Valparaiso",5109,local,"UCV Radio. 103.5 FM: Informacion, musica, noticias, deportes, servicios. El mejor sonido desde la V Region. Fanpage: https://t.co/qOFMaOWsXP"
cronicachillan,np,Generalista,2009-06-27 14:42:19+00:00,21707,Chillan,8401,local,"Cronica Chillan es un periodico editado en Chillan, provincia de Ñuble, Region del Biobio. La primera edicion salio a la venta el dia 30 de junio de 2008."
fm_joven,rad,Musica y Entretencion,2011-06-24 23:29:51+00:00,410,Valparaiso,5101,local,Disfruta Ser Joven | Llamanos al +56 32 2591618
radioubbchile,rad,Generalista,2015-04-06 00:15:16+00:00,638,"Concepcion, Chile",8101,local,"Radio Universidad del Bio-Bio, 48 Anos al Servicio de la Comunidad."
elmorrocotudo,np,Generalista,2007-05-02 04:07:29+00:00,14476,"Arica y Parinacota, Chile",15101,local,El primer diario digital de #Arica y #Parinacota. Parte de la red de diarios ciudadanos de @RedMiVoz #LaRegionEsTuya
universal_chile,rad,Musica y Noticias,2011-03-09 15:49:11+00:00,2078,"La Araucania, Chile",9101,local,"Programas en vivo, informacion, entretencion, deportes y mucho mas por Radio Universal.-"
elrancahuaso,np,Generalista,2008-01-11 22:36:59+00:00,14364,Rancagua - O'Higgins - Chile,6101,local,"El primer diario digital de #OHiggins. Vivimos nuestras raices en comunidad, y somos miembros de la red de diarios ciudadanos de @RedMiVoz #LaRegionEsTuya"
estrella_antofa,np,Generalista,2009-08-08 02:42:39+00:00,10162,"Antofagasta, Chile ",2101,local,
maipuciudadano,np,Generalista,2012-05-20 03:45:31+00:00,1351,,13119,local,"Diario On Line de Maipu con informacion independiente y abierto a la opinion constructiva. Una mejor ciudad es posible, solo si estas dispuesto a tenerla."
portaldemeli,np,Generalista,2009-08-19 19:02:26+00:00,5669,Melipilla - Chile,13501,local,Toda la actualidad de Melipilla y sus alrededores de una manera rapida y oportuna. Somos el medio electronico mas importante y actualizado de la Comuna.
mineriachilena,mag,Mineria,2010-04-27 13:13:14+00:00,28149,Chile,13123,nacional,Informacion de lo que sucede en la industria minera. Siguenos tambien en http://t.co/RIPIIRI9CR
elsiglochile,np,Politica,2014-09-11 00:05:17+00:00,2720,suscripciones 27295729,13101,nacional,"Periodico semanal, fundado el 31 de agosto de 1940, dirigido por Hugo Guzman;  disponible en kioscos todos los viernes, contacto@elsiglo.cl"
fotoquinta,np,Generalista,2009-05-20 16:08:16+00:00,3928,Quillota - Chile,5501,local,Diario Electronico en Fotoquinta.cl
ritoquefm,rad,Musica y Entretencion,2010-03-29 20:10:21+00:00,5937,Valparaiso,5101,local,"Radioemisora portena especializada en Rock Clasico y Folclore. Nuestro dial es el 107.9 FM, Valparaiso y Vina del Mar. #DerechoAlRock"
aconcaguaradio,rad,Musica y Noticias,2012-03-15 18:18:09+00:00,8145,"San Felipe, Chile",5701,local,91.7 FM-159 AM. La radio de todos. Twitter oficial
datoavisos,np,Avisos Clasificados,2010-08-18 19:11:12+00:00,1764,"Santiago, Chile",13123,nacional,Revista gratuita + leida de la RM con 180 mil ejemplares. Creada hace 34 anos x #PLC de #ElMercurio. Segmentada x comuna y ahora cada miercoles con @lun
red_ohiggins,np,Generalista,2012-02-20 19:59:17+00:00,14944,,6101,local,"Diario online de noticias regionales, nacionales y  actualidad. Cadena http://t.co/XftHKPCJQj - Noticias al minuto. Tambien en: https://t.co/UljZ8hGqnV"
region2cl,np,Generalista,2011-12-21 04:16:38+00:00,7840,Antofagasta - Chile,2101,local,Portal de Noticias de la Region de Antofagasta
rtl_linares,rad,Musica y Entretencion,2012-06-22 20:37:28+00:00,1355,Valentin Letelier 741 Linares,7401,local,"Radio Tropical Latina (RTL), Linares 95.3 FM y Talca 910 AM.         Telefono Auditores (073) 215040 - (073) 2472101."
enlineamaule,np,Generalista,2014-05-27 15:51:52+00:00,6696,Diagonal 237 Talca,7101,local,Portal de Noticias Apuntado principalmente a la Region del Maule. Siguenos tambien en facebook en En Linea Maule
redloslagos,np,Generalista,2012-04-26 20:27:43+00:00,8182,"Region de Los Lagos, Chile",10101,local,"Diario online de noticias regionales, nacionales, actualidad y entretencion. Cadena http://t.co/XftHKPCJQj  - Tambien en: https://t.co/OrJ5gHzBR2"
diarioenlalinea,np,Generalista,2011-08-18 01:07:35+00:00,1249,Calama [Chile],2201,local,"Diario informativo digital con noticias de Calama, El Loa y la Region de Antofagasta."
enfdig,np,Generalista,2014-05-22 18:30:21+00:00,33,,3301,local,
aquasocial,mag,Aquicultura,2011-04-05 11:35:39+00:00,1806,"Puerto Montt, Chile",10101,local,Somos uno de los principales medios informativos del sector acuicola y pesquero en Chile y el mundo.
canalartv,tv,Cultura,2010-05-07 17:50:58+00:00,8897,Chile,13123,nacional,"Desde 1992, el unico canal chileno dedicado 100% a la cultura. En VTR (canal 43 en RM, 58 en V Region, 37 en VI y 59 en VII), Claro (126, RM)."
el_ciudadano,np,Generalista,2008-04-19 17:43:02+00:00,212111,Chile,13127,nacional,El Ciudadano es un medio de comunicacion de circulacion mensual en papel y funcionamiento diario en la web. Prensa Libertaria para Chile!!
verdadahoracl,np,Generalista,2011-06-21 20:01:48+00:00,4968,Chile,13101,nacional,"Verdad Ahora es un medio independiente que investiga la corrupcion de gobiernos, corporaciones e instituciones."
diarioconce,np,Generalista,2009-11-16 16:26:24+00:00,20623,"Concepcion, Chile.",8101,local,"EL VALOR DE LA OPINIÓN en la Octava Region.  Diariamente, en quioscos y  junto a La Tercera."
chiloealdia,np,Generalista,2012-03-08 15:01:12+00:00,14076,"Castro, Chiloe, Chile",10201,local,Las noticias relevantes de Chiloe. Por @mtoroyarzo y Rigo Cids desde la Region de los Lagos
etctv_oficial,tv,Infantil,2010-05-27 17:35:41+00:00,42159,,13120,nacional,"Somos ETC. La mejor programacion en la TV; la mejor conversacion, por aca."
austral_losrios,np,Generalista,2009-09-04 16:30:25+00:00,14186,"Yungay 499, Valdivia",14101,local,"Principal medio de comunicacion escrito de la Region de Los Rios, fundado el 28 de noviembre de 1982."
elnortero,np,Generalista,2008-06-30 04:38:50+00:00,20974,Antofagasta - Chile,2101,local,"El primer diario digital de #Antofagasta, #Tocopilla y #ElLoa. Parte de la red de diarios ciudadanos de @RedMiVoz #LaRegionEsTuya"
telecanal,tv,Generalista,2010-03-09 17:32:34+00:00,7530,,13114,nacional,Twitter Oficial
thecliniccl,np,Actualidad,2009-11-02 14:58:20+00:00,1077402,Chile,13101,nacional,Firme junto al pueblo
eo_enlinea,np,Generalista,2009-11-30 15:24:19+00:00,17676,Region de Valparaiso,5101,local,#Noticias con enfasis en las historias locales de las provincias de  #Quillota #Petorca #MargaMarga #SanFelipe #LosAndes #Valparaiso Fundado el 26-09-1970
laprensacurico,np,Generalista,2011-04-08 16:20:35+00:00,8112,"Curico, Chile",7301,local,El Diario de la Region del Maule
betazeta,np,Generalista,2008-06-25 15:38:55+00:00,6943,CL - MX - ES - AR - CO - PE,13101,nacional,Medios de comunicacion masiva.
elgraficochile,np,Deporte,2010-03-08 23:22:30+00:00,228925,"ÜT: -33.406082,-70.536836",13101,nacional,La plataforma deportiva mas completa de Chile.
estrategiacl,np,Economia y Empresas,2010-07-15 20:54:34+00:00,48125,Santiago - Chile,13132,nacional,Twitter Oficial de Estrategia. El Diario de Negocios de Chile. http://t.co/Jaem7F8GxS
tacometrochile,mag,Automotriz,2010-01-08 17:15:51+00:00,31185,"Santiago, Chile",13101,nacional,"Universo multimedia de Publimetro Motores: Revista y suplemento Autos, programa TacometroTV La Red y Vive. Lanzamientos, pruebas de autos, videos, reportajes."
elinsular1,np,Generalista,2011-11-04 00:26:01+00:00,5377,Region de Los Lagos,10101,local,http://t.co/iImXrcvM3T
diarioelcentro,np,Generalista,2009-12-23 20:18:52+00:00,29276,Talca - Chile,7101,local,Medio de comunicacion lider en informacion en la Region del Maule. FACEBOOK: Diario El Centro INSTAGRAM: @diario_el_centro_
eltipografo,np,Generalista,2009-04-23 14:20:55+00:00,18381,Rancagua,6101,local,El Diario Gratuito de Rancagua y la Region de O'Higgins. Ubicanos al 22342151
lanotacl,np,Generalista,2013-02-13 22:42:36+00:00,2949,Chile,13101,nacional,Somo un medio independiente que no responde a colores politicos ni a intereses comerciales.
canal2tvchile,tv,Generalista,2009-08-14 13:33:59+00:00,7996,San Antonio Chile,5601,local,Canal 2 TV San Antonio
carabdechile,mag,Alertas y Seguridad,2010-03-01 18:57:47+00:00,977176,"Santiago, Chile",13101,nacional,"@Twitter Oficial de Carabineros de #Chile. Por este medio, informamos y prevenimos. Ante emergencias, marque el fono 133."
taconeras,mag,Mujeres,2009-07-21 15:34:20+00:00,29048,Chile,13114,nacional,"Comunidad de Blogs femeninos de las Revistas Cosmopolitan, Tu ItGirl, Vanidades, Women´s Health, Seventeen, Ser Padres Embarazo, Ser Padres y Taconeras Trends."
mercurioafta,np,Generalista,2009-08-02 01:29:01+00:00,26058,Antofagasta- Chile,2101,local,Diario El Mercurio de Antofagasta. 104 anos de informaciones.
el_dinamo,np,Generalista,2010-10-01 16:03:08+00:00,262446,"Santiago, Chile",13123,nacional,Informate y se parte de @el_dinamo comentando en nuestra redes
vtvcanal2,tv,Generalista,2012-10-18 01:55:52+00:00,3476,Los Andes y San Felipe,5301,local,"Twitter oficial del principal canal de television del Valle del Aconcagua Chile. Venos en Canal 2 (senal abierta), 25 (digital), 14 (cable VTR) 67 cable luxor"
elclarindechile,np,Politica y Economia,2009-08-30 19:23:03+00:00,8798,,13101,nacional,
radiocarolina,rad,Musica y noticias,2009-07-01 06:33:43+00:00,409985,Santiago de Chile,13120,nacional,La mas prendida! Santiago 99.3 - Arica 90.3 - Iquique 91.3 - La Serena 104.1 - Vina del Mar 98.9 - Concepcion 91.7 - Temuco 106.3 - Pucon y Villarrica 99.9
imagina881,rad,Musica,2010-05-12 19:16:53+00:00,5659,Santiago de Chile,13124,nacional,Radio Imagina 88.1 - Lo mejor de tu vida
sancarlosonline,np,Generalista,2010-01-27 16:59:11+00:00,2782,"San Carlos Ñuble,  Chile",8416,local,"Diario electronico, con informacion independiente."
prensacarinosa,np,Musica y Entretencion,2013-09-13 11:17:05+00:00,503,Av. Libertad #821,8401,local,
radiopalomafm,rad,Musica y Entretencion,2009-11-04 13:16:58+00:00,37695,TALCA CHILE,7101,local,"1977-2016. Cubriendo Talca y el Valle Central de la Region del Maule, 97.5 F.M. https://t.co/yAXeMtinLG Fonos 56- 712216701-712216702-712216703"
chanarcillo,np,Generalista,2011-05-13 21:22:25+00:00,9306,,3201,local,Fundado el 16 de Diciembre del Ano 1991. Medio de comunicacion escrito con circulacion impresa en toda la Region de Atacama
elcombarbalino,np,Generalista,2013-04-12 02:40:55+00:00,563,Combarbala,4302,local,"Diario Electronica Comuna de Combarbala, perteneciente a Red de Diarios Comunales http://t.co/sLgMnBcnwz"
laprensaustral,np,Generalista,2011-04-19 13:23:09+00:00,13251,Punta Arenas,12101,local,Twitter oficial de La Prensa Austral. El diario de Magallanes.
laopinon,np,Generalista,2008-03-08 01:14:14+00:00,9008,Araucania,9101,local,"Somos el Diario Ciudadano de la Region de la #Araucania, parte de @RedMiVoz, la red de medios digitales con mayor cobertura en #Chile. #LaRegionEsTuya"
